{"cameraMode":{"drawMode":0,"name":"Shaded","section":"Shading Mode"},"sceneLighting":false,"audioPlay":false,"sceneViewState":{"showFog":true,"showMaterialUpdate":true,"showSkybox":false,"showFlares":true,"showImageEffects":true,"showParticleSystems":true},"in2DMode":false,"pivot":{"x":4.180737495422363,"y":0.44654011726379397,"z":-7.011582374572754},"rotation":{"x":0.1289663165807724,"y":-0.8677669167518616,"z":0.29731425642967226,"w":0.3770751655101776},"size":1.9104852676391602,"orthographic":false}