{"cameraMode":{"drawMode":0,"name":"Shaded","section":"Shading Mode"},"sceneLighting":false,"audioPlay":false,"sceneViewState":{"showFog":true,"showMaterialUpdate":true,"showSkybox":false,"showFlares":true,"showImageEffects":true,"showParticleSystems":true},"in2DMode":false,"pivot":{"x":-5.068115711212158,"y":3.0316197872161867,"z":7.1465067863464359},"rotation":{"x":-0.09111424535512924,"y":-0.30993059277534487,"z":0.029861537739634515,"w":-0.9462457299232483},"size":0.5074058771133423,"orthographic":false}