{"cameraMode":{"drawMode":0,"name":"Shaded","section":"Shading Mode"},"sceneLighting":false,"audioPlay":false,"sceneViewState":{"showFog":true,"showMaterialUpdate":true,"showSkybox":false,"showFlares":true,"showImageEffects":true,"showParticleSystems":true},"in2DMode":false,"pivot":{"x":-3.6245787143707277,"y":2.8634490966796877,"z":6.9420623779296879},"rotation":{"x":-0.09111424535512924,"y":-0.30993059277534487,"z":0.029861537739634515,"w":-0.9462457299232483},"size":0.9371623396873474,"orthographic":false}