{"cameraMode":{"drawMode":0,"name":"Shaded","section":"Shading Mode"},"sceneLighting":true,"audioPlay":false,"sceneViewState":{"showFog":true,"showMaterialUpdate":true,"showSkybox":true,"showFlares":true,"showImageEffects":true,"showParticleSystems":true},"in2DMode":false,"pivot":{"x":1.067938208580017,"y":3.499521017074585,"z":18.067455291748048},"rotation":{"x":0.033591706305742267,"y":-0.014657560735940934,"z":-0.0007725579780526459,"w":-0.9994827508926392},"size":11.53855037689209,"orthographic":false}